ID,is_bot
af36ac2aa9734738bbd533db8e5fb43a_0,0.04835055436744175
cdc2c5c605144c8e8dd5e9ea3d1352fc_0,0.2617619270224417
ed19efdedcb24600aea67c968aba5520_0,0.2443170786549375
f2ea031960cf4454b4596d94cbee021e_0,0.16508866887137957
d948808cda4944cd838f88308a9ecd8b_0,0.1867956118238231
e2471e582715423aa906e4e99597c5ac_0,0.34795074309240537
bd67234d1a8e4bc189b8e23e2b569fa7_0,0.3311318018932649
dac8fa9f618946af8420301c6532ad5d_0,0.2726775826741545
b131a6d1a3b74a228b19125a50574b4d_0,0.4141016053270645
5b0ba02970d64795b11dd810255754ee_0,0.06664031261044162
aaf7ba7752794c32aeda39d31246307a_0,0.10096452610446476
72c7efccbd434f2a9a4c63f0d579356c_0,0.25754476778286955
8e9e95a13f194d9eb1e130a419ea7869_0,0.17630070230470354
4275718792124ba1b07078a428e96d71_0,0.1941797813180791
838a6c9afa98486a8c62fcc54d508e96_0,0.11031302882465106
97a587a5579047d5a289864e97b39453_0,0.2633015340917944
6327f316231d40fbad110e940775514f_0,0.04425088236796085
b4cd3e31d4ba4cf9808c01b53b6332aa_0,0.2890862674480389
cc594d7907804e84b52a0bcded531a62_0,0.1519642111269801
4f5a32c96b824f41b2ffadba3495d58d_0,0.9045756541883879
2cb2cdb19ff3411f85b578f55d89d650_0,0.6829070193531127
75cc5e06f40a4ab7a8ba1577485e3708_0,0.20433618648277743
2c10ed39d9c7413d9e3a658dd876a0db_0,0.09725597762965003
4d3de5b78ffb4ec7ac7d5acd77946a2d_0,0.6645347301562646
c9bac672cc364eeeac367a6b21b3ef29_0,0.183191473782272
6d342f871ca34433954df514a9bbed42_0,0.22333104497042364
77fe277ef8ba40fcab7282aad89cf77a_0,0.3026731263862146
de1235a9528b4b9d83d5fbfb8dbe6ada_0,0.8898790195187338
e698984d4b1f4c07ad204a75b79e9b8b_0,0.37643316869468874
d6765b6c90b7425ea464e5c3e250b873_0,0.22639608727369165
a5f9556b3625447eb10c985cab5f038e_0,0.09717032028162398
3722c584edf34e7497f33c83872990d7_0,0.16043305246204725
1070ffc501b3404aae501ce77ffc2e74_0,0.08595488134248597
d7d2e35f70404453aa3556c7a9a37bf7_0,0.2563313348971833
48a90e46ad5f44d9b975f6dbda3fa1c4_0,0.16315992804396653
75bf853c1009452ea798bde09ddca96f_0,0.41345877037139345
1147c9722e334a90a4ff627d5e40638c_0,0.529812608263882
e3005ae3a047490d9b2c019e7280d212_0,0.4021600828465388
40e7ebb35e8a4f1089c4de799a942895_0,0.18178916482811752
dbf63002a33c4183bc085581cfbd4366_0,0.1713317072698469
5e094fece9c249ecbeecb1b829cf5ef9_0,0.10846798780139634
b191ba30fb96410d8e18198ae5125152_0,0.16998642792953805
02f44e0ff9ab47a1ae060e9d7ac10cd7_0,0.07410625343669411
c372ad8bd4d34eee93af030e68a61ac7_0,0.13402011107113762
6dbbf719a73e4439835c1e8837249f00_0,0.10646315485680799
d39ceee3f7d44baaa748f50435fb64a5_0,0.2603184674605468
e298b53542d443e3b12be25876948226_0,0.12231685222917969
e5000636472f4e09a292fccde0d828b5_0,0.2667340508199549
0696301195b043ef9ecb5d80187f6edd_0,0.22380789010558777
4d9df9374d13415d8717a09e4de67983_0,0.3471776722722039
621d5e85990e4c4abc8cd6f2667396e0_0,0.2432816951119419
72d6f24efcb640d5b193d6219ecfcdab_0,0.07768618387825996
bf3515f7f41d49d4be2ca05ec0a19c25_0,0.3503319242074382
9ff3153d2e9f41b1bc66a7e99f9098b0_0,0.09940687854246603
fd940768853241689f494423ac3f5e5d_0,0.09000925012417725
e53c3d1f33944074b74ffd97ff36dc24_0,0.023404818599504103
cebde6404256425583fac5ed89b1b48c_0,0.34383292712592245
be0682d9377741c1977957d57d396c78_0,0.18909743099458035
601f74054da44ffd91097f26f1112e9c_0,0.2607605797318095
c5688580315349169e030a8711627cba_0,0.19085412361262938
bea2732647af474d892e9c2749857bc6_0,0.31401078560561924
572ac24eb83e4e40b1e60f6beefb7133_0,0.1629932710818928
3b547cfcf7e34660bdfb3b4eafdc8dec_0,0.14417245696377876
546b7eecf7b048b59c5fb19cebeca99a_0,0.0880600034664276
a10d6fc242a44d1faabd9bc468fa3e11_0,0.15181699880414357
2f4e1cc058f14fcb915722c0f284be7b_0,0.17299777502650912
3afef95d99af454d9e37d22147382bf7_0,0.12375350773371648
69cf86a8340c4d09ab67f79a711a7990_0,0.07971259352496997
8cdaf0286cd240e4bb30a64aa422bb2c_0,0.40780345240556853
bcfe7e1831ac4bca86c9872c6e57ae33_0,0.018980206024135277
195a05c516544f4eb620f110e27a6519_0,0.10583601102679305
98122ff0d4d54d71b2ddacee7207cbb6_0,0.10644675479165491
a323c39d4a8443c9b2b90598a1fb8097_0,0.33093837153864686
07a22f4e3f824384bf588b01fa41277a_0,0.09459349391391798
571d3fb21092490fa47d96dc74801109_0,0.5139444699292567
fa0aaced05be4f919582c5b7defe680b_0,0.1346618825848243
dc91e144404541a8844b3f84ea5e2bf5_0,0.12372422829972456
a045a5f51fe24333a297866d3e238c38_0,0.2777472374410942
64e48a3c434b46a49613fd4c246c3f61_0,0.29296322058943935
5a8459ed9b9b4762baf2a71a344aa871_0,0.3961997111483824
d968771a097344ed94a341b8c4f72d32_0,0.028546294618821983
e89b95315ff0416ab27636981db7cd1b_0,0.6493250776451177
f4998e073fcc4704baa885b9a72dbf96_0,0.08843506329240394
2b1282fb6b8547849a0cca051fbaee21_0,0.10122815588266479
e68253c444bd4f559e84fa6222314c66_0,0.44495439242051593
a2edb9042c8b46fa9db79292e3c341cb_0,0.1527183258181438
2b758ba9db5a4252b47f7ba7cfb1c80b_0,0.03806443526537515
0802414e50e44816a1fea3957eb7d519_0,0.1915251978150127
7aa57c774188484a86c09ee375345eb1_0,0.22808756014533593
b78a0059d86d407eabe0f4d2af960d75_0,0.08247940316809091
77ad14ec2e134875826c39a559f58425_0,0.18946111865321408
55340709b2074201ae6a3e1497aae0fe_0,0.34256159114403095
6ad37ba90a0a4d2e80f09efe7d50cb1b_0,0.4582309937323549
8c34fde073c348ffbdde10573e7c7b4f_0,0.30817259404337666
2646624f510f48c28c59627f67b22242_0,0.3354108757592159
e73a8b00e6f243caa88d8686db4bd8ac_0,0.1206788422220099
8d0bbc201d894a68a92d8cd987d5ee9d_0,0.153602326284644
ce161fa115514f0fb2737813cda613a1_0,0.4464767185242203
d1a773d2b3654218ac3389241d36c4ab_0,0.0957117756440761
7dfdce54915a4d609e3f3ed2a86a31a7_0,0.19230492347000686
4d1f8881d3ec4f25b0b5873d8fd4cbbc_0,0.6986665749338606
d91468f2789b4f4bb28f2080f6f42dd8_0,0.11127394031218425
c1b0ce208c99407eaca691f4abe37b1a_0,0.05285349598404208
c038a232120147afa3b7980995653ba4_0,0.03672801855871216
53e3f45986854abcb692992a96ce21a7_0,0.23730674527099566
71a5c58b69484edba1f6ba542d6f5e34_0,0.09125882828572018
c54b81c6b6b744fbbee7fc88107b8a93_0,0.20385170125384425
8c03be28296f45ebb7bfac9878c1b402_0,0.11438408423150731
a2bf98a05a014acc9b8e61884d0d8fe7_0,0.3029435803617073
b9396ed956f14db0b5aec54f9b41bbbe_0,0.15680235832272862
1319650b7a6c43f9b3b03e8f19993da8_0,0.14684007727989148
72ab3fe3043c4d46b0bdd2db61ff16a1_0,0.5249262062816284
e38c343961fa467faf0c1228e5760657_0,0.2601819262628754
abb602d68ba84df896f1c02c1ae8c7d7_0,0.2201033039343348
0403d929e124459696a765a2da759590_0,0.16474256570322673
00559a1338f444c18eb301f1c822b483_0,0.16978404960131066
9434d921e9264e98985c728badac6029_0,0.2698352079231977
9d4fbb2cc382488e9da7407bd5996bdb_0,0.05045263392197677
225fcbc65a334e25ba1ac406b16816eb_0,0.01235267380809437
0e3f9fc6cb9f462587a12431457cf4f5_0,0.1268559688827935
78daf1700ca24c1a93d80b3bd096930f_0,0.8439139110219711
420334e4062849ea9ced0c001dc028b2_0,0.06850870926035774
ceff050e3ca8401f8ec98cf34dcbed52_0,0.12474086108364507
febf5f02b3bd4018a49da0bcf01565b6_0,0.47387664857719486
94a1fd2c9fad4b3ba0cd990e3053a95b_0,0.1355923086763715
caa8b30c5ea34df795db27becd5d727d_0,0.1314429764877547
85a008994bcf4d6e97c489c937892327_0,0.06585104295043759
873c46e7e6814f13a400f8a5aabec952_0,0.054096932633342504
457d1129b65d4d15b0fe7c1ce185b499_0,0.12971554437056254
e725f49f7d3e4c12af695339c06ad30e_0,0.3075383279563719
cdbbeaa0d8ed40e8b7a839e2a96e69bd_0,0.1660854941441148
906bc1cb82214a828b33723b56b51bea_0,0.29395295844896635
9b36d2dc3bd74813a98b094f9d43739c_0,0.10560093166596711
2e56d3c0586a43f39e87b16041cdb7cb_0,0.5065734326971052
702b24049ec74274a0c7b7956eb6520e_0,0.4025862249061867
28fd3d5671cc4e6680465b694b424021_0,0.5602554268889468
0d9c3594cceb44c5a42c78015f31edb2_0,0.5566984889077485
fdef6e3a7d1648ed9392ec9722c63bdb_0,0.40295888219945
c03c9da40efd4731a7b76dbb0189f803_0,0.3507460109936813
acb1afa4ffea4a679ff46ca24dfeab37_0,0.0716748893529466
a78f6dd6d6d746cd87d5cea5c95f97a0_0,0.17487045307531499
3474cd869bd84518bf3fe77b10df7f24_0,0.18779982967957973
18285919128d4ed5add1d8ab14710cbb_0,0.42994921747844306
7b53612ca9ba467a8e83c73040a9ee4c_0,0.1295316342506076
03b12c6a4b6542c796e0e6cec87ea3c5_0,0.46185030875021926
d8f7768348504b29a9f4daed7b78418d_0,0.2543843763017721
63412731c46943b2aa6b440a94aa94c0_0,0.229641787838416
a519597cd9284645925e1e50278898d6_0,0.3804122232901109
f177f77b025a4caead45f85105b9c8a0_0,0.3241532009217156
55ae9f1ecfab4ea790414b569af32846_0,0.18130327265263657
b4c650d95a85419491bc2c3908d2480c_0,0.1703289919451781
a77244705d694bd3abab8873800142d4_0,0.17448203718807748
b545e93b7fb5457e91f879a2bd2d9653_0,0.8156588316623569
d636ab4dc9694127b7ee28d997fbd340_0,0.15647709663322576
39631f28aac84137a2e8d70163431270_0,0.4149921973924579
53a00094cc6f4e59b45f6fc154809906_0,0.0937797610367609
b126370d74234baaad30fb89e02c3d34_0,0.7473065764311155
0c4873b2821744d6923d007720981514_0,0.06007180046649978
9c98722ecdbc4b27881511159363661a_0,0.10545705831645873
2e04d71aa3b442a8ab76c9c17ac8ce0c_0,0.44462124082266075
db079eb92c924481af8431ab162de38f_0,0.09454282504453596
6190d3de90b741da90bc1a2023cb3799_0,0.25656778231016575
6c2cd3a527904d418b1f2e5a5c149032_0,0.6260721509870867
ef33616d8f6c4084844fab724b93fa86_0,0.6517386451428084
15ea92ca7408453d87b2ec7bc7309acc_0,0.3501667842527484
6eea43c48b404e1c8aacb73563ea5fab_0,0.2895521349724858
39a7a76f3e104e37a1e0e78feffabc5f_0,0.39962782987578627
f6c9a252932b43daad5acee52f876d59_0,0.26847476569127576
c7525fab646e47c28801bd66c4f909d4_0,0.4740953990740749
8f97eb525750449685233a18628a0893_0,0.21882261154950766
1d7cb138fbce4efcb332b5621cbcc194_0,0.23685740250079196
a000fc896da943aeb5f8b345a95c3417_0,0.38380456573540256
423dd40160ba4f29afc9154e4fb12963_0,0.5907875988093468
7d638fa38b054b4facccef5b7a8c4413_0,0.2851745408320945
e8f60b8cf94b4eecb10d2a42f783e8eb_0,0.13514296553077598
c6025ecf17ac4cc1979fcba2f69133b9_0,0.05938256056645938
11b582e227fc4951a89c2520f4eed6a6_0,0.22685164288631451
2242e5aac4444d9881b8bb6a4c2ca07e_0,0.6352577331674433
60904bae49744c8dae3672c195815011_0,0.40086749807142624
116c92d32ff44ed2b43ceb5ac41d5d42_0,0.06120171326915831
4d735d5863c048a2b73d2fc2f95029ac_0,0.15645537575842114
ac65d18eace1479496830a784cc1359d_0,0.4311592069564675
e978f89efc1440bf93464699e46db9e8_0,0.6747436387580803
c0f9b8a5f2d6496eb3b62430d4900d25_0,0.18083143454353248
9b16e35370bc450197934047c6160e03_0,0.23430904892722063
4ac3982d1d6b40c4b7565e936476384e_0,0.3609409550255959
f886e71be6d14a51ad41c043b758f37c_0,0.2909929452203389
85e4e07ae88e411aabec749af56b6b7e_0,0.06588666804189057
482aab6070744013a360377e0e441522_0,0.19887920303809326
4d0dcc76e28c4ad2a51059aac85d25eb_0,0.5099983829979714
beed544a2e5144d88ac922ab5686b1a1_0,0.7609788970583924
c89d3b1a78c74d3f915be6010a06775a_0,0.12377263225363151
6781bd5f814541c5bb6419aaf76657f2_0,0.20275017989333405
2f114b3399244f3a93d3a1e121c1a16a_0,0.9148214433089845
f04506bb219f4ebb950971d1ec1aa6bd_0,0.10964541027373817
7afed0fd7af941d1941e5684dd898e31_0,0.1946254658351386
86fadfa4842345cf8cac15e8ded0f3a4_0,0.07279652178839177
811d044382d84fc482ff6fc3a505d6ad_0,0.0334877556765235
dace74fdc6a943b8b38116b0c5154ac4_0,0.358212550481589
5d522f753f1845ca90cfa839a51c6c67_0,0.2640735345073465
f7af17672ed549aea7d58638b11f3e43_0,0.18580819683091768
86155e33fc4c4e80adf9f70fe204caea_0,0.03484368407176712
5b56de110a574c9a80c6d3da28bcd13f_0,0.32601210384510554
00ae575033054ce3ba68d2d3e1ba30e2_0,0.7948005964184347
6a1d90adeb664862a6f069881f5026fd_0,0.7557212355023011
01763d48ee644bbb99bffb1a63c18bb4_0,0.12248163560315578
007bf899fb5b4a3b8105183d0ca56cfa_0,0.12341140964984236
a4ae27b0bf2d42399663c4ceb7ca1d10_0,0.22063361115434546
f728d58bda4c48f8af2260a27fb7649b_0,0.6419826801353284
1256d04df15142e88f0f53706fd1d554_0,0.7379925784166838
4a363f5d5794470fa13857c70078ed71_0,0.6755083904200831
9caa753cdcc140a493fd9c5d2722424c_0,0.27069349296156586
e5a9d995392f40f7a797f9e914d0992e_0,0.342558764837508
eadc63a6b6464ab0a2c0fd19e143f1cd_0,0.12896989988944435
4bbfd285f51d4d4d9edaa06634a4eeef_0,0.84486998390202
983c78ce623f4d03aa3e988042bde45f_0,0.41061972525894597
ba7a4b3c43744aebaf49be267a6a6065_0,0.035139370392659575
778859086e614aefba2db887fc052803_0,0.19664758058287674
26c66d7644014471be1aa48283eb6c4b_0,0.693621942676582
47f322553d3d43eb981964d36de86241_0,0.22797818062308747
b176be4d2ea04d1781a9a5650fb501ed_0,0.14737345083317438
6f0b58a43a9546a5b696c94d5c242532_0,0.18001900008103097
8983932c7e3047d981d3908d33f70b7c_0,0.2548979960098574
b72e80e2e7cc4ea18bf3af6ab9e41aff_0,0.6164836992394812
ef2bb7dc15c44531a19e11a35b71230d_0,0.1643513333564787
d240607064cd46a3991f63575d91367a_0,0.23524326728311096
72c0f64ae09c4cbf894f1fffb731e7b4_0,0.22221159402627078
ec0565d7079043db9340ea3d59824bd7_0,0.5038788164610368
d87a9dfefe6f4153b831384d14bf84da_0,0.34570604279306766
50ff9513e18a448294c4be1984370998_0,0.18629556806903405
a25baf54ff334bb686914707e4bfd7d5_0,0.38102007219177275
d707eea274d14166899cafc7a40a0bca_0,0.06842327889318257
62ef1005ba554d72918ae8c58ad7cda6_0,0.2310750944787454
a0278d94685f4a20be793ae375f4238e_0,0.5447869257340373
3be1cb2d192f44c6bab861cb49396aea_0,0.4999350742335879
9950fe722b4c4306b821b9b2d29cc386_0,0.050928120376699706
91cab6eb9d394feeba44f3cdfad9dd74_0,0.9156977376143443
66d1dcfece91411b9d2c48e9339415af_0,0.3716992283785945
e28194e36a5340ecb67b3819da8d4ee1_0,0.18237140198073382
b938b3b481f647f1a04d683be567b71d_0,0.08302288452657947
e8d2a0030e4248a48ad443c39a5e41d6_0,0.33219740010805887
523d0b1b855f4616988f2c75fe4f094c_0,0.2094425336555789
90f0fd25ea7b4581b880e33c2fe79bf8_0,0.08836234033754374
c1a48efd3aec46b890b67119fdc00448_0,0.08856612444036806
2eaba9a1b8f84949ba2456f6a927e0cf_0,0.16890426114182017
e9b0260b217547da9d3a87b041431e3e_0,0.22724286889142067
0ea9228f159d463898bcf9154c02ae52_0,0.25484246682272504
fed6ebff90f94f43ababc2042e6c96e3_0,0.27596817607718716
d68e6d8770454dee84e09b02acb2e4c5_0,0.66156753102844
6ddf9724a3b14722ac13c767ad5d5d95_0,0.622685858894567
b9aca06c18bc41a1b60c9f53dae3e970_0,0.5141604946000016
ef872a5bc85e49d88fd505def83c4c07_0,0.16030173960057917
a027ca84a9af4b36a8366f5dac7dff89_0,0.14360559530691935
2746fece475344aba5ef61ac175f5a98_0,0.1428372629865824
d1dda89b90b5414aa7c6d8c7f86f5cd2_0,0.07085504896814711
ab62d66958e3441693c9ca5074fffbc8_0,0.618248826570016
cda2964f6c0b47279e3cc6a4d6f910ff_0,0.27049138899539
a2568b29833740bbb27db3c1bf380e77_0,0.4237847853970776
fee84463bb5c4b13aa6149447a1dcf97_0,0.16660111181731907
f0cae4bc08a246719010d58f102d63cc_0,0.11048087298947026
7d6742b7e8484e91aba44d9274ce9aa1_0,0.5080798842403839
2c116fe6511e40a5ad1b19510ebe844b_0,0.20832387075053133
bb4d6c3c8dd44abbb8e49ef6bf038fdc_0,0.8384738001152148
8638375effca4ef892d27e727da41ddc_0,0.10618124482342398
f4a2b8cfb89940b28a03be65b2ba5945_0,0.3737087888111569
7dc784589e0048b284f7f961fadbb2af_0,0.025061206123286665
7a011afc976a4baca14f61922f282713_0,0.055713211375848094
3144ea5aec4e46d89055f373dab7a6a0_0,0.6607980709306654
8bbd2fdc87be443b8192fd01a6843baa_0,0.45656943170590464
d87bac5865c64f8ea293f46ea15588ca_0,0.7232933639451261
d794e51f117246ba9c4d7338900957d9_0,0.48835737135232515
71da8a8e6c5743178a03381b1778a190_0,0.05304094736861401
e276db7c21134a24ad5a8554c82fd985_0,0.6245144552047048
4bf1d42e9d0a40de847d714f55fe5e33_0,0.6660391779755019
0749d437443c4b859ca221aba1127fc1_0,0.15751324302281855
4ff2349205c24208b412e757fcc7b12b_0,0.2926513508893564
6667f28e7e0e488ba9eb48fcd310b370_0,0.17222580594990514
a20b2754e05b4d2788b38213f3b3ff35_0,0.4305022757362565
3bfb8ecde5584f47851ad8c6959c3419_0,0.22220513956359078
8d8c7b4c3e024231a075964a210f6220_0,0.2338612229390195
78920c472af6473f9ad52098a6e330e2_0,0.49243472161895985
a77dd509a8154ed593e7fa9307e17134_0,0.9151979479995918
3fd5734fc9894c2caff60c16c0752003_0,0.9486579944417214
e58dcbe669c947c7be52cdc3d28e6cf1_0,0.2028090896130173
1808c85ebc604dd28b02adee9ba67ccf_0,0.0777663602200343
e80640b3acb943b38540a19c0dd773d9_0,0.09957626390048449
da4c1d94ad5345cba46b0bf74765641b_0,0.040332298985327426
9f94dc943328489d9c600192a36d4e8f_0,0.17615411003005071
6e40751dee04434190d72af56d0cfafb_0,0.1489520486455433
aacf2ffdba4b4656a2b69bb555cd03f1_0,0.05742987046520417
0d8a97bf99454eac9b452ebbf9620264_0,0.3065027989005459
73ab8a76f4c7407a842b2e1a12697486_0,0.1691147347299836
c5c1e425792e464794d86ba6934210f9_0,0.07551966756290313
e428b506aab54de18dee6c27a90ef303_0,0.3710510557432647
d0ef3426d2cd477a812c11ed89b398bb_0,0.14790035661970413
8514f6c540184740b85f4743a464d7ea_0,0.07227427189793043
92cf2ad984f147ff9d171c4e1b9b577d_0,0.7336941744769163
827782a8fbfd4d069eb6216cfdc5f7ac_0,0.7808640156540441
9b69c3743c5c4d19ad12e4833991aadb_0,0.20524697336811526
c8cb9ad2666b4662a664369fd3c7beb9_0,0.6864969636701747
f20c88cd5e304786b99bc8edde7439ae_0,0.6921430119394227
43f12d18196d43fbacf65c4e8d411706_0,0.11584906150175311
a184dd6714394b5d88014b8a694c3974_0,0.6183340596811753
4441884a384141df9b3db4bb7f95c3de_0,0.49600629889347825
aeb02317881b49ccb80b3e7bac055d9d_0,0.3656914135281534
300b32c974e14cb7a4734ad571c15b9f_0,0.47528456947708997
36f352579043418f8548cf9344ade457_0,0.29952224531848426
72e431f17b914ceda70fe97dd2668b39_0,0.06640236829805927
2c90404e5dfb44889d514657a42849c0_0,0.178456000814822
a0668a13cb414cda8cd35796d4119cb3_0,0.18075480736865587
22f15b0feded4f0c9952958b7ed87f1f_0,0.22277298309815707
a6ffbb61aff542f88cb6129df2fe1682_0,0.007074669950278423
3d5a9b4986e94c65a76b28ba469b5f50_0,0.08237932097571522
f3de0960326e4fd0a5cd6960a10dd5f0_0,0.318022263841425
c488e85f77234d308046c3754064dc28_0,0.06479536762686498
a74284038732456aa4e57789a24a20ac_0,0.023406679862878466
22e01a2be1104fd6bb0df1ae02872c8e_0,0.47191139326530424
e352ee5433aa4c2eabf5121d38687561_0,0.0582792761159834
70f4cec64d7d4742b161db89db3c619a_0,0.34383339809610775
3bf061865d224f13b41faab8f439b214_0,0.3524323425820655
b22843ee344c4c25bb894d9bf87e76a2_0,0.24948637280749258
32189988b13f42c19271425645474ea1_0,0.16444476109001155
67735e76ebd6449a94889488741ef1a2_0,0.06571920395548224
c5f2550071b94006a2e6942adff97adc_0,0.7868047189239796
c714a7953b374663813df1b355d631fc_0,0.07901981970464901
bfb4d25b05154a2ea2b9089d5717fc87_0,0.23310500453708402
de72549ccf484372a12f281332a8d762_0,0.17949870932443832
39c2562209cc4e08b47f9db2c439a603_0,0.2281495039528716
2471236904d8470ebb6db7347cb5645d_0,0.6475813182132777
3f5eedbbd60142dcacb0d70e0f2abc8f_0,0.2903660477139567
f670f186dba64e68852471ed8551cafb_0,0.11994977860705416
bbd1d303c8cb4479bcdeae8529ad881d_0,0.4034998426100245
ab16572e8cc84cc09892740f6930a3e6_0,0.1650979267708325
23ce3b6cf164467386e2b34db908dbc3_0,0.2721024331512209
4dad8117d3c946ef9c021aac9e5ded02_0,0.31692761406979303
8e822ce1089741febae586c5fef99124_0,0.03433419151724533
56201a8ac9c64665aa6d236dbc79daf4_0,0.021289280537616175
a1abc4a69bb84c11804ce189966d967d_0,0.13798107139264326
af36ac2aa9734738bbd533db8e5fb43a_1,0.26945229252642383
cdc2c5c605144c8e8dd5e9ea3d1352fc_1,0.2869072545612772
ed19efdedcb24600aea67c968aba5520_1,0.6079668358827494
f2ea031960cf4454b4596d94cbee021e_1,0.6573144757489887
d948808cda4944cd838f88308a9ecd8b_1,0.16496595617399676
e2471e582715423aa906e4e99597c5ac_1,0.48826569192114966
bd67234d1a8e4bc189b8e23e2b569fa7_1,0.15715910636029592
dac8fa9f618946af8420301c6532ad5d_1,0.09693192535056416
b131a6d1a3b74a228b19125a50574b4d_1,0.32470531653381474
5b0ba02970d64795b11dd810255754ee_1,0.14691860109148142
aaf7ba7752794c32aeda39d31246307a_1,0.5776562548058407
72c7efccbd434f2a9a4c63f0d579356c_1,0.3782907704559967
8e9e95a13f194d9eb1e130a419ea7869_1,0.31306573738612326
4275718792124ba1b07078a428e96d71_1,0.5624854651912445
838a6c9afa98486a8c62fcc54d508e96_1,0.2413063617295494
97a587a5579047d5a289864e97b39453_1,0.5469423965125022
6327f316231d40fbad110e940775514f_1,0.8358189708923653
b4cd3e31d4ba4cf9808c01b53b6332aa_1,0.6537334145818224
cc594d7907804e84b52a0bcded531a62_1,0.6761808763102294
4f5a32c96b824f41b2ffadba3495d58d_1,0.04987732683704504
2cb2cdb19ff3411f85b578f55d89d650_1,0.17209535701625023
75cc5e06f40a4ab7a8ba1577485e3708_1,0.7287954536478998
2c10ed39d9c7413d9e3a658dd876a0db_1,0.8367300894324631
4d3de5b78ffb4ec7ac7d5acd77946a2d_1,0.17459257306422105
c9bac672cc364eeeac367a6b21b3ef29_1,0.47219495186617516
6d342f871ca34433954df514a9bbed42_1,0.23067723054208447
77fe277ef8ba40fcab7282aad89cf77a_1,0.24261037850757206
de1235a9528b4b9d83d5fbfb8dbe6ada_1,0.04870481241731076
e698984d4b1f4c07ad204a75b79e9b8b_1,0.38593147243096926
d6765b6c90b7425ea464e5c3e250b873_1,0.1961317817290206
a5f9556b3625447eb10c985cab5f038e_1,0.3283067151184394
3722c584edf34e7497f33c83872990d7_1,0.5056528114759851
1070ffc501b3404aae501ce77ffc2e74_1,0.05741522767278546
d7d2e35f70404453aa3556c7a9a37bf7_1,0.10598936662584944
48a90e46ad5f44d9b975f6dbda3fa1c4_1,0.2643436035784424
75bf853c1009452ea798bde09ddca96f_1,0.46520134954256614
1147c9722e334a90a4ff627d5e40638c_1,0.32376681635647186
e3005ae3a047490d9b2c019e7280d212_1,0.1692859568330079
40e7ebb35e8a4f1089c4de799a942895_1,0.6912060710808813
dbf63002a33c4183bc085581cfbd4366_1,0.5998347564381284
5e094fece9c249ecbeecb1b829cf5ef9_1,0.810323391270524
b191ba30fb96410d8e18198ae5125152_1,0.32547333887870755
02f44e0ff9ab47a1ae060e9d7ac10cd7_1,0.8632745502568473
c372ad8bd4d34eee93af030e68a61ac7_1,0.6890214296451569
6dbbf719a73e4439835c1e8837249f00_1,0.1081409108745166
d39ceee3f7d44baaa748f50435fb64a5_1,0.14382890453522776
e298b53542d443e3b12be25876948226_1,0.7120735560262619
e5000636472f4e09a292fccde0d828b5_1,0.488068424046975
0696301195b043ef9ecb5d80187f6edd_1,0.2357140741146275
4d9df9374d13415d8717a09e4de67983_1,0.2980136071732814
621d5e85990e4c4abc8cd6f2667396e0_1,0.31606412732407324
72d6f24efcb640d5b193d6219ecfcdab_1,0.7845349996668088
bf3515f7f41d49d4be2ca05ec0a19c25_1,0.3421946585709089
9ff3153d2e9f41b1bc66a7e99f9098b0_1,0.6502672538213125
fd940768853241689f494423ac3f5e5d_1,0.831051995263627
e53c3d1f33944074b74ffd97ff36dc24_1,0.9457650267558725
cebde6404256425583fac5ed89b1b48c_1,0.34556651170965463
be0682d9377741c1977957d57d396c78_1,0.598036632301234
601f74054da44ffd91097f26f1112e9c_1,0.44060317095704693
c5688580315349169e030a8711627cba_1,0.6329497162854653
bea2732647af474d892e9c2749857bc6_1,0.4430053910889009
572ac24eb83e4e40b1e60f6beefb7133_1,0.6186967001077007
3b547cfcf7e34660bdfb3b4eafdc8dec_1,0.42761812708589625
546b7eecf7b048b59c5fb19cebeca99a_1,0.3391095085592224
a10d6fc242a44d1faabd9bc468fa3e11_1,0.430579787155668
2f4e1cc058f14fcb915722c0f284be7b_1,0.6903872860370315
3afef95d99af454d9e37d22147382bf7_1,0.6530974960144932
69cf86a8340c4d09ab67f79a711a7990_1,0.0702804498362402
8cdaf0286cd240e4bb30a64aa422bb2c_1,0.4680380115219482
bcfe7e1831ac4bca86c9872c6e57ae33_1,0.8064955517284303
195a05c516544f4eb620f110e27a6519_1,0.7909473689726787
98122ff0d4d54d71b2ddacee7207cbb6_1,0.7963470945602045
a323c39d4a8443c9b2b90598a1fb8097_1,0.2923328255954605
07a22f4e3f824384bf588b01fa41277a_1,0.07744094556044646
571d3fb21092490fa47d96dc74801109_1,0.20271955862999308
fa0aaced05be4f919582c5b7defe680b_1,0.7915857844789022
dc91e144404541a8844b3f84ea5e2bf5_1,0.4785673343902427
a045a5f51fe24333a297866d3e238c38_1,0.1477709896147481
64e48a3c434b46a49613fd4c246c3f61_1,0.46512612192666664
5a8459ed9b9b4762baf2a71a344aa871_1,0.4024446922492358
d968771a097344ed94a341b8c4f72d32_1,0.9162574099950375
e89b95315ff0416ab27636981db7cd1b_1,0.12421213925616781
f4998e073fcc4704baa885b9a72dbf96_1,0.14874998170890755
2b1282fb6b8547849a0cca051fbaee21_1,0.8428242300538122
e68253c444bd4f559e84fa6222314c66_1,0.12610177156059568
a2edb9042c8b46fa9db79292e3c341cb_1,0.34154507507516046
2b758ba9db5a4252b47f7ba7cfb1c80b_1,0.8920207528028037
0802414e50e44816a1fea3957eb7d519_1,0.381300480319552
7aa57c774188484a86c09ee375345eb1_1,0.22813039992382006
b78a0059d86d407eabe0f4d2af960d75_1,0.08372991192284292
77ad14ec2e134875826c39a559f58425_1,0.2552032140801571
55340709b2074201ae6a3e1497aae0fe_1,0.3738993344068426
6ad37ba90a0a4d2e80f09efe7d50cb1b_1,0.40820294870553403
8c34fde073c348ffbdde10573e7c7b4f_1,0.509713768732943
2646624f510f48c28c59627f67b22242_1,0.3697420855905289
e73a8b00e6f243caa88d8686db4bd8ac_1,0.2946562815905443
8d0bbc201d894a68a92d8cd987d5ee9d_1,0.6328247784316355
ce161fa115514f0fb2737813cda613a1_1,0.46301975077525365
d1a773d2b3654218ac3389241d36c4ab_1,0.05520561983175429
7dfdce54915a4d609e3f3ed2a86a31a7_1,0.6720513971297994
4d1f8881d3ec4f25b0b5873d8fd4cbbc_1,0.2037114142520976
d91468f2789b4f4bb28f2080f6f42dd8_1,0.1671400503010968
c1b0ce208c99407eaca691f4abe37b1a_1,0.569917218923573
c038a232120147afa3b7980995653ba4_1,0.9440309616584635
53e3f45986854abcb692992a96ce21a7_1,0.6237050461913728
71a5c58b69484edba1f6ba542d6f5e34_1,0.2023473085897811
c54b81c6b6b744fbbee7fc88107b8a93_1,0.3904414841519967
8c03be28296f45ebb7bfac9878c1b402_1,0.11425119671198311
a2bf98a05a014acc9b8e61884d0d8fe7_1,0.3874750873318831
b9396ed956f14db0b5aec54f9b41bbbe_1,0.5926302392184007
1319650b7a6c43f9b3b03e8f19993da8_1,0.3885407190972506
72ab3fe3043c4d46b0bdd2db61ff16a1_1,0.241391299892329
e38c343961fa467faf0c1228e5760657_1,0.26308102659650123
abb602d68ba84df896f1c02c1ae8c7d7_1,0.39219986327807144
0403d929e124459696a765a2da759590_1,0.3811124737742661
00559a1338f444c18eb301f1c822b483_1,0.6075855278893121
9434d921e9264e98985c728badac6029_1,0.14518414364010337
9d4fbb2cc382488e9da7407bd5996bdb_1,0.5333861115991341
225fcbc65a334e25ba1ac406b16816eb_1,0.014680925069562702
0e3f9fc6cb9f462587a12431457cf4f5_1,0.5834388603518128
78daf1700ca24c1a93d80b3bd096930f_1,0.08874046195625215
420334e4062849ea9ced0c001dc028b2_1,0.8661004400397755
ceff050e3ca8401f8ec98cf34dcbed52_1,0.09787785098647397
febf5f02b3bd4018a49da0bcf01565b6_1,0.14479163830334735
94a1fd2c9fad4b3ba0cd990e3053a95b_1,0.7179144813609127
caa8b30c5ea34df795db27becd5d727d_1,0.2834125310081302
85a008994bcf4d6e97c489c937892327_1,0.07588028572540166
873c46e7e6814f13a400f8a5aabec952_1,0.887729948250707
457d1129b65d4d15b0fe7c1ce185b499_1,0.3561121204151624
e725f49f7d3e4c12af695339c06ad30e_1,0.4615491190732202
cdbbeaa0d8ed40e8b7a839e2a96e69bd_1,0.6705165704211187
906bc1cb82214a828b33723b56b51bea_1,0.4975062626974871
9b36d2dc3bd74813a98b094f9d43739c_1,0.7842507372301664
2e56d3c0586a43f39e87b16041cdb7cb_1,0.4264483830045778
702b24049ec74274a0c7b7956eb6520e_1,0.23051230793781213
28fd3d5671cc4e6680465b694b424021_1,0.33904754234028317
0d9c3594cceb44c5a42c78015f31edb2_1,0.1585878835116893
fdef6e3a7d1648ed9392ec9722c63bdb_1,0.45525407103668397
c03c9da40efd4731a7b76dbb0189f803_1,0.34182499258295335
acb1afa4ffea4a679ff46ca24dfeab37_1,0.8416925012610368
a78f6dd6d6d746cd87d5cea5c95f97a0_1,0.7120602077999919
3474cd869bd84518bf3fe77b10df7f24_1,0.5461416696378064
18285919128d4ed5add1d8ab14710cbb_1,0.36115193412966545
7b53612ca9ba467a8e83c73040a9ee4c_1,0.5644117524754311
03b12c6a4b6542c796e0e6cec87ea3c5_1,0.4725601974564421
d8f7768348504b29a9f4daed7b78418d_1,0.35957678590890996
63412731c46943b2aa6b440a94aa94c0_1,0.57647124173913
a519597cd9284645925e1e50278898d6_1,0.3770590936383392
f177f77b025a4caead45f85105b9c8a0_1,0.5472112422953388
55ae9f1ecfab4ea790414b569af32846_1,0.4233819325363262
b4c650d95a85419491bc2c3908d2480c_1,0.33335360193695335
a77244705d694bd3abab8873800142d4_1,0.4354521149183246
b545e93b7fb5457e91f879a2bd2d9653_1,0.11103445837280368
d636ab4dc9694127b7ee28d997fbd340_1,0.15079470717635846
39631f28aac84137a2e8d70163431270_1,0.36848334516515036
53a00094cc6f4e59b45f6fc154809906_1,0.18233442577480036
b126370d74234baaad30fb89e02c3d34_1,0.1480047144770581
0c4873b2821744d6923d007720981514_1,0.06059902656702547
9c98722ecdbc4b27881511159363661a_1,0.6276400880693289
2e04d71aa3b442a8ab76c9c17ac8ce0c_1,0.21324598380648227
db079eb92c924481af8431ab162de38f_1,0.8279594526124776
6190d3de90b741da90bc1a2023cb3799_1,0.3644896491959228
6c2cd3a527904d418b1f2e5a5c149032_1,0.2834339451890574
ef33616d8f6c4084844fab724b93fa86_1,0.11972482483600907
15ea92ca7408453d87b2ec7bc7309acc_1,0.3833232527659679
6eea43c48b404e1c8aacb73563ea5fab_1,0.5924223333632647
39a7a76f3e104e37a1e0e78feffabc5f_1,0.17324830087607665
f6c9a252932b43daad5acee52f876d59_1,0.14334311049489953
c7525fab646e47c28801bd66c4f909d4_1,0.25488372925645386
8f97eb525750449685233a18628a0893_1,0.22049839561270743
1d7cb138fbce4efcb332b5621cbcc194_1,0.24237877272225447
a000fc896da943aeb5f8b345a95c3417_1,0.41146237968678084
423dd40160ba4f29afc9154e4fb12963_1,0.31364596180206217
7d638fa38b054b4facccef5b7a8c4413_1,0.5453349741898472
e8f60b8cf94b4eecb10d2a42f783e8eb_1,0.1481499530260054
c6025ecf17ac4cc1979fcba2f69133b9_1,0.056620655847870356
11b582e227fc4951a89c2520f4eed6a6_1,0.7006813371779231
2242e5aac4444d9881b8bb6a4c2ca07e_1,0.20333515348201153
60904bae49744c8dae3672c195815011_1,0.39817522832412344
116c92d32ff44ed2b43ceb5ac41d5d42_1,0.8753892245491623
4d735d5863c048a2b73d2fc2f95029ac_1,0.20078038473901033
ac65d18eace1479496830a784cc1359d_1,0.5524274521576535
e978f89efc1440bf93464699e46db9e8_1,0.16050934429204192
c0f9b8a5f2d6496eb3b62430d4900d25_1,0.5613723561241879
9b16e35370bc450197934047c6160e03_1,0.23783205730424847
4ac3982d1d6b40c4b7565e936476384e_1,0.3694233190294814
f886e71be6d14a51ad41c043b758f37c_1,0.2907701375648654
85e4e07ae88e411aabec749af56b6b7e_1,0.25803335954305173
482aab6070744013a360377e0e441522_1,0.6473630687506464
4d0dcc76e28c4ad2a51059aac85d25eb_1,0.23889627378047087
beed544a2e5144d88ac922ab5686b1a1_1,0.057619948709199544
c89d3b1a78c74d3f915be6010a06775a_1,0.8040188331104111
6781bd5f814541c5bb6419aaf76657f2_1,0.18193515699389473
2f114b3399244f3a93d3a1e121c1a16a_1,0.06366403548463062
f04506bb219f4ebb950971d1ec1aa6bd_1,0.802030666410498
7afed0fd7af941d1941e5684dd898e31_1,0.5547328524826972
86fadfa4842345cf8cac15e8ded0f3a4_1,0.7133493616806857
811d044382d84fc482ff6fc3a505d6ad_1,0.019875427799003736
dace74fdc6a943b8b38116b0c5154ac4_1,0.5841244844259931
5d522f753f1845ca90cfa839a51c6c67_1,0.45248586391333817
f7af17672ed549aea7d58638b11f3e43_1,0.6100549204775685
86155e33fc4c4e80adf9f70fe204caea_1,0.9323584748289131
5b56de110a574c9a80c6d3da28bcd13f_1,0.36942350818736486
00ae575033054ce3ba68d2d3e1ba30e2_1,0.06951957819567053
6a1d90adeb664862a6f069881f5026fd_1,0.10529211614614703
01763d48ee644bbb99bffb1a63c18bb4_1,0.6996304204617066
007bf899fb5b4a3b8105183d0ca56cfa_1,0.28754862295521294
a4ae27b0bf2d42399663c4ceb7ca1d10_1,0.6681838846486199
f728d58bda4c48f8af2260a27fb7649b_1,0.09527738732636078
1256d04df15142e88f0f53706fd1d554_1,0.15110010317913677
4a363f5d5794470fa13857c70078ed71_1,0.20514453404509095
9caa753cdcc140a493fd9c5d2722424c_1,0.2212797276636278
e5a9d995392f40f7a797f9e914d0992e_1,0.34263391612202043
eadc63a6b6464ab0a2c0fd19e143f1cd_1,0.31961636676839517
4bbfd285f51d4d4d9edaa06634a4eeef_1,0.0673879557306825
983c78ce623f4d03aa3e988042bde45f_1,0.42373350370589524
ba7a4b3c43744aebaf49be267a6a6065_1,0.9310056263884863
778859086e614aefba2db887fc052803_1,0.778421989569373
26c66d7644014471be1aa48283eb6c4b_1,0.2020734608279257
47f322553d3d43eb981964d36de86241_1,0.5292011292754139
b176be4d2ea04d1781a9a5650fb501ed_1,0.6906157443258122
6f0b58a43a9546a5b696c94d5c242532_1,0.2631174550558367
8983932c7e3047d981d3908d33f70b7c_1,0.410300970639924
b72e80e2e7cc4ea18bf3af6ab9e41aff_1,0.28073040206681005
ef2bb7dc15c44531a19e11a35b71230d_1,0.26278796916703523
d240607064cd46a3991f63575d91367a_1,0.5798970655361025
72c0f64ae09c4cbf894f1fffb731e7b4_1,0.2251843976524701
ec0565d7079043db9340ea3d59824bd7_1,0.33126203971449375
d87a9dfefe6f4153b831384d14bf84da_1,0.4489043992650455
50ff9513e18a448294c4be1984370998_1,0.6889244150713255
a25baf54ff334bb686914707e4bfd7d5_1,0.39263992515079127
d707eea274d14166899cafc7a40a0bca_1,0.9067704379802947
62ef1005ba554d72918ae8c58ad7cda6_1,0.3118152022125971
a0278d94685f4a20be793ae375f4238e_1,0.35473435892250055
3be1cb2d192f44c6bab861cb49396aea_1,0.19568408840490958
9950fe722b4c4306b821b9b2d29cc386_1,0.7745508496489725
91cab6eb9d394feeba44f3cdfad9dd74_1,0.056289037930881664
66d1dcfece91411b9d2c48e9339415af_1,0.14757756808824476
e28194e36a5340ecb67b3819da8d4ee1_1,0.591108883621718
b938b3b481f647f1a04d683be567b71d_1,0.7227906091726152
e8d2a0030e4248a48ad443c39a5e41d6_1,0.37480316458276924
523d0b1b855f4616988f2c75fe4f094c_1,0.24894789682653917
90f0fd25ea7b4581b880e33c2fe79bf8_1,0.5059443694012378
c1a48efd3aec46b890b67119fdc00448_1,0.518700849970798
2eaba9a1b8f84949ba2456f6a927e0cf_1,0.37040416570240703
e9b0260b217547da9d3a87b041431e3e_1,0.228337829099523
0ea9228f159d463898bcf9154c02ae52_1,0.18505758528355998
fed6ebff90f94f43ababc2042e6c96e3_1,0.5020295230542485
d68e6d8770454dee84e09b02acb2e4c5_1,0.05559879574380532
6ddf9724a3b14722ac13c767ad5d5d95_1,0.16582464729504906
b9aca06c18bc41a1b60c9f53dae3e970_1,0.19213941551284644
ef872a5bc85e49d88fd505def83c4c07_1,0.716258366481381
a027ca84a9af4b36a8366f5dac7dff89_1,0.5738426728544097
2746fece475344aba5ef61ac175f5a98_1,0.139462898323462
d1dda89b90b5414aa7c6d8c7f86f5cd2_1,0.8053047572736438
ab62d66958e3441693c9ca5074fffbc8_1,0.2896920558400878
cda2964f6c0b47279e3cc6a4d6f910ff_1,0.27045989355056393
a2568b29833740bbb27db3c1bf380e77_1,0.4792356306232151
fee84463bb5c4b13aa6149447a1dcf97_1,0.6031103489718648
f0cae4bc08a246719010d58f102d63cc_1,0.4958772560721994
7d6742b7e8484e91aba44d9274ce9aa1_1,0.31728713852497176
2c116fe6511e40a5ad1b19510ebe844b_1,0.5524794467720261
bb4d6c3c8dd44abbb8e49ef6bf038fdc_1,0.08275763324951946
8638375effca4ef892d27e727da41ddc_1,0.43083599731315375
f4a2b8cfb89940b28a03be65b2ba5945_1,0.38071982772176904
7dc784589e0048b284f7f961fadbb2af_1,0.9194392558451573
7a011afc976a4baca14f61922f282713_1,0.8765108257725698
3144ea5aec4e46d89055f373dab7a6a0_1,0.1515768855091844
8bbd2fdc87be443b8192fd01a6843baa_1,0.19187762330355584
d87bac5865c64f8ea293f46ea15588ca_1,0.09788358548574173
d794e51f117246ba9c4d7338900957d9_1,0.24950139775327612
71da8a8e6c5743178a03381b1778a190_1,0.8975770409652905
e276db7c21134a24ad5a8554c82fd985_1,0.07408047781635094
4bf1d42e9d0a40de847d714f55fe5e33_1,0.2638427759524217
0749d437443c4b859ca221aba1127fc1_1,0.33291044072345516
4ff2349205c24208b412e757fcc7b12b_1,0.5132650462847792
6667f28e7e0e488ba9eb48fcd310b370_1,0.5126992863567472
a20b2754e05b4d2788b38213f3b3ff35_1,0.43773622176767435
3bfb8ecde5584f47851ad8c6959c3419_1,0.3644349034799501
8d8c7b4c3e024231a075964a210f6220_1,0.5340842852781988
78920c472af6473f9ad52098a6e330e2_1,0.37367248080471327
a77dd509a8154ed593e7fa9307e17134_1,0.07313973095329668
3fd5734fc9894c2caff60c16c0752003_1,0.0283955650508871
e58dcbe669c947c7be52cdc3d28e6cf1_1,0.197508066796841
1808c85ebc604dd28b02adee9ba67ccf_1,0.07671986100372366
e80640b3acb943b38540a19c0dd773d9_1,0.18721497868237674
da4c1d94ad5345cba46b0bf74765641b_1,0.7760211192144645
9f94dc943328489d9c600192a36d4e8f_1,0.31049752036566053
6e40751dee04434190d72af56d0cfafb_1,0.749493104602563
aacf2ffdba4b4656a2b69bb555cd03f1_1,0.7207741539705597
0d8a97bf99454eac9b452ebbf9620264_1,0.48062669313445333
73ab8a76f4c7407a842b2e1a12697486_1,0.552030052158996
c5c1e425792e464794d86ba6934210f9_1,0.6878648567835943
e428b506aab54de18dee6c27a90ef303_1,0.4374808703276339
d0ef3426d2cd477a812c11ed89b398bb_1,0.5075202146014953
8514f6c540184740b85f4743a464d7ea_1,0.31794815637319185
92cf2ad984f147ff9d171c4e1b9b577d_1,0.0935065532367844
827782a8fbfd4d069eb6216cfdc5f7ac_1,0.07342978967207581
9b69c3743c5c4d19ad12e4833991aadb_1,0.5401268542585397
c8cb9ad2666b4662a664369fd3c7beb9_1,0.14764501377959408
f20c88cd5e304786b99bc8edde7439ae_1,0.23922513828208947
43f12d18196d43fbacf65c4e8d411706_1,0.6376539938474071
a184dd6714394b5d88014b8a694c3974_1,0.10501715325939003
4441884a384141df9b3db4bb7f95c3de_1,0.20525497115311403
aeb02317881b49ccb80b3e7bac055d9d_1,0.16933837204400776
300b32c974e14cb7a4734ad571c15b9f_1,0.35852800638943993
36f352579043418f8548cf9344ade457_1,0.29882396014729024
72e431f17b914ceda70fe97dd2668b39_1,0.07852059683815746
2c90404e5dfb44889d514657a42849c0_1,0.35598094077162745
a0668a13cb414cda8cd35796d4119cb3_1,0.3419096203941083
22f15b0feded4f0c9952958b7ed87f1f_1,0.3379792943205688
a6ffbb61aff542f88cb6129df2fe1682_1,0.988385714278869
3d5a9b4986e94c65a76b28ba469b5f50_1,0.8505470061588994
f3de0960326e4fd0a5cd6960a10dd5f0_1,0.22917194409479874
c488e85f77234d308046c3754064dc28_1,0.6728689867724832
a74284038732456aa4e57789a24a20ac_1,0.913013893334751
22e01a2be1104fd6bb0df1ae02872c8e_1,0.2879447989459752
e352ee5433aa4c2eabf5121d38687561_1,0.8721481368871463
70f4cec64d7d4742b161db89db3c619a_1,0.30677843317317544
3bf061865d224f13b41faab8f439b214_1,0.34911024544884317
b22843ee344c4c25bb894d9bf87e76a2_1,0.14604663387436
32189988b13f42c19271425645474ea1_1,0.5310410039013399
67735e76ebd6449a94889488741ef1a2_1,0.061934332437355515
c5f2550071b94006a2e6942adff97adc_1,0.09295011015546484
c714a7953b374663813df1b355d631fc_1,0.7351132608567901
bfb4d25b05154a2ea2b9089d5717fc87_1,0.4400680685834753
de72549ccf484372a12f281332a8d762_1,0.5595924028108604
39c2562209cc4e08b47f9db2c439a603_1,0.3063457216434835
2471236904d8470ebb6db7347cb5645d_1,0.14114924776240836
3f5eedbbd60142dcacb0d70e0f2abc8f_1,0.5570726263541116
f670f186dba64e68852471ed8551cafb_1,0.5835725623095492
bbd1d303c8cb4479bcdeae8529ad881d_1,0.4156550269719938
ab16572e8cc84cc09892740f6930a3e6_1,0.6551667911045597
23ce3b6cf164467386e2b34db908dbc3_1,0.27326609103933674
4dad8117d3c946ef9c021aac9e5ded02_1,0.22652661851464861
8e822ce1089741febae586c5fef99124_1,0.8872644629877106
56201a8ac9c64665aa6d236dbc79daf4_1,0.09563109639402409
a1abc4a69bb84c11804ce189966d967d_1,0.7172488365507933
